timestamp,crypto_currency,fiat_currency,volumeUSD
2022-01-31,BTC,NGNNGNNGNNGNNGNNGNNGNNGNNGNNGNNGNNGNNGNNGNNGNNGNNGNNGNNGNNGNNGNNGNNGNNGNNGNNGNNGNNGNNGNNGNNGN,4662272.0913523985
2022-02-28,BTC,NGNNGNNGNNGNNGNNGNNGNNGNNGNNGNNGNNGNNGNNGNNGNNGNNGNNGNNGNNGNNGNNGNNGNNGNNGNNGNNGNNGN,3261199.9383403384
2022-03-31,BTC,NGNNGNNGNNGNNGNNGNNGNNGNNGNNGNNGNNGNNGNNGNNGNNGNNGNNGNNGNNGNNGNNGNNGNNGNNGNNGNNGNNGNNGNNGNNGN,2464292.1587838475
2022-04-30,BTC,NGN,10792.978476131137
2022-07-31,OTHERS,RUBRUBRUBRUBRUBRUBRUBRUBRUBRUBRUBRUBRUBRUBRUBRUBRUBRUBRUBRUBRUBRUBRUB,10801747.385859227
2022-08-31,OTHERS,RUBRUBRUBRUBRUBRUBRUBRUBRUBRUBRUBRUBRUBRUBRUBRUBRUBRUBRUBRUBRUBRUBRUBRUBRUBRUBRUBRUBRUBRUBRUB,10631060.557643497
2022-09-30,BTC,RUBRUBRUBRUBRUBRUBRUBRUBRUBRUBRUBRUBRUB,9961936.79661872
2022-09-30,OTHERS,RUBRUBRUBRUBRUBRUBRUBRUBRUBRUBRUBRUBRUBRUBRUBRUBRUBRUBRUBRUBRUBRUBRUBRUBRUBRUBRUBRUBRUBRUB,6913692.331088405
2022-09-30,USDT,RUBRUBRUBRUBRUBRUBRUBRUBRUBRUBRUBRUBRUB,34331731.918480515
2022-10-31,BTC,RUBRUBRUBRUBRUBRUBRUBRUBRUBRUBRUBRUBRUBRUBRUBRUBRUBRUBRUBRUBRUBRUBRUBRUBRUBRUBRUBRUBRUBRUBRUB,16273996.845334513
2022-10-31,OTHERS,RUBRUBRUBRUBRUBRUBRUBRUBRUBRUBRUBRUBRUBRUBRUBRUBRUBRUBRUBRUBRUBRUBRUBRUBRUBRUBRUBRUBRUBRUBRUB,6075548.6812393
2022-10-31,USDT,NGNNGNNGNNGNNGNNGNNGNRUBRUBRUBRUBRUBRUBRUBRUBRUBRUBRUBRUBRUBRUBRUBRUBRUBRUBRUBRUBRUBRUBRUBRUBRUBRUBRUBRUBRUBRUBRUB,69083144.44459733
2022-11-30,BTC,RUBRUBRUBRUBRUBRUBRUBRUBRUBRUBRUBRUBRUBRUBRUBRUBRUBRUBRUBRUBRUBRUBRUBRUBRUBRUBRUBRUBRUBRUB,33314685.29977185
2022-11-30,OTHERS,RUBRUBRUBRUBRUBRUBRUBRUBRUBRUBRUBRUBRUBRUBRUBRUBRUBRUBRUBRUBRUBRUBRUBRUBRUBRUBRUBRUBRUBRUB,10882282.186651865
2022-11-30,USDT,NGNNGNNGNNGNNGNNGNNGNNGNNGNNGNNGNNGNNGNNGNNGNNGNNGNNGNNGNNGNNGNNGNNGNNGNNGNNGNNGNNGNNGNNGNRUBRUBRUBRUBRUBRUBRUBRUBRUBRUBRUBRUBRUBRUBRUBRUBRUBRUBRUBRUBRUBRUBRUBRUBRUBRUBRUBRUBRUBRUB,86775947.52959232
2022-12-31,BTC,RUBRUBRUBRUBRUBRUBRUBRUBRUBRUBRUBRUBRUBRUBRUBRUBRUBRUBRUBRUBRUBRUBRUBRUBRUBRUBRUBRUBRUBRUBRUB,28243736.9870474
2022-12-31,OTHERS,RUBRUBRUBRUBRUBRUBRUBRUBRUBRUBRUBRUBRUBRUBRUBRUBRUBRUBRUBRUBRUBRUBRUBRUBRUBRUBRUBRUBRUBRUBRUB,10628778.340660868
2022-12-31,USDT,NGNNGNNGNNGNNGNNGNNGNNGNNGNNGNNGNNGNNGNNGNNGNNGNNGNNGNNGNNGNNGNNGNNGNNGNNGNNGNNGNNGNNGNNGNNGNRUBRUBRUBRUBRUBRUBRUBRUBRUBRUBRUBRUBRUBRUBRUBRUBRUBRUBRUBRUBRUBRUBRUBRUBRUBRUBRUBRUBRUBRUBRUB,87107358.21491908
2023-01-31,BTC,RUBRUBRUBRUBRUBRUBRUBRUBRUBRUBRUBRUBRUBRUBRUBRUBRUBRUBRUBRUBRUBRUBRUBRUBRUBRUBRUBRUBRUBRUBRUB,18604200.014823277
2023-01-31,OTHERS,RUBRUBRUBRUBRUBRUBRUBRUBRUBRUBRUBRUBRUBRUBRUBRUBRUBRUBRUBRUBRUBRUBRUBRUBRUBRUBRUBRUBRUBRUBRUB,6110134.682582121
2023-01-31,USDT,NGNNGNNGNNGNNGNNGNNGNNGNNGNNGNNGNNGNNGNNGNNGNNGNNGNNGNNGNNGNNGNNGNNGNNGNNGNNGNNGNNGNNGNNGNNGNRUBRUBRUBRUBRUBRUBRUBRUBRUBRUBRUBRUBRUBRUBRUBRUBRUBRUBRUBRUBRUBRUBRUBRUBRUBRUBRUBRUBRUBRUBRUB,47196042.457458235
2023-02-28,BTC,RUBRUBRUBRUBRUBRUBRUBRUBRUBRUBRUBRUBRUBRUBRUBRUBRUBRUBRUBRUBRUBRUBRUBRUBRUBRUBRUBRUB,20332636.94719751
2023-02-28,OTHERS,RUBRUBRUBRUBRUBRUBRUBRUBRUBRUBRUBRUBRUBRUBRUBRUBRUBRUBRUBRUBRUBRUBRUBRUBRUBRUBRUBRUB,5201318.606389987
2023-02-28,USDT,NGNNGNNGNNGNNGNNGNNGNNGNNGNNGNNGNNGNNGNNGNNGNNGNNGNNGNNGNNGNNGNNGNNGNNGNNGNNGNNGNNGNRUBRUBRUBRUBRUBRUBRUBRUBRUBRUBRUBRUBRUBRUBRUBRUBRUBRUBRUBRUBRUBRUBRUBRUBRUBRUBRUBRUB,40736710.76690721
2023-03-31,BTC,RUBRUBRUBRUBRUBRUBRUBRUBRUBRUBRUBRUBRUBRUBRUBRUBRUBRUBRUBRUBRUBRUBRUBRUBRUBRUBRUBRUBRUBRUBRUB,23445942.93844583
2023-03-31,OTHERS,RUBRUBRUBRUBRUBRUBRUBRUBRUBRUBRUBRUBRUBRUBRUBRUBRUBRUBRUBRUBRUBRUBRUBRUBRUBRUBRUBRUBRUBRUBRUB,5916937.433986803
2023-03-31,USDT,NGNNGNNGNNGNNGNNGNNGNNGNNGNNGNNGNNGNNGNNGNNGNNGNNGNNGNNGNNGNNGNNGNNGNNGNNGNNGNNGNNGNNGNNGNNGNRUBRUBRUBRUBRUBRUBRUBRUBRUBRUBRUBRUBRUBRUBRUBRUBRUBRUBRUBRUBRUBRUBRUBRUBRUBRUBRUBRUBRUBRUBRUB,41975398.60484113
2023-04-30,BTC,RUBRUBRUBRUBRUBRUBRUBRUBRUBRUBRUBRUBRUBRUBRUBRUBRUBRUBRUBRUBRUBRUBRUBRUBRUBRUBRUBRUBRUBRUB,18839337.434339814
2023-04-30,OTHERS,RUBRUBRUBRUBRUBRUBRUBRUBRUBRUBRUBRUBRUBRUBRUBRUBRUBRUBRUBRUBRUBRUBRUBRUBRUBRUBRUBRUBRUBRUB,5526046.725744614
2023-04-30,USDT,NGNNGNNGNNGNNGNNGNNGNNGNNGNNGNNGNNGNNGNNGNNGNNGNNGNNGNNGNNGNNGNNGNNGNNGNNGNNGNNGNNGNNGNNGNRUBRUBRUBRUBRUBRUBRUBRUBRUBRUBRUBRUBRUBRUBRUBRUBRUBRUBRUBRUBRUBRUBRUBRUBRUBRUBRUBRUBRUBRUB,50751054.004793175
2023-05-31,BTC,RUBRUBRUBRUBRUBRUBRUBRUBRUBRUBRUBRUBRUBRUBRUBRUBRUBRUBRUBRUBRUBRUBRUBRUBRUBRUBRUBRUBRUBRUBRUB,17531026.20463427
2023-05-31,OTHERS,RUBRUBRUBRUBRUBRUBRUBRUBRUBRUBRUBRUBRUBRUBRUBRUBRUBRUBRUBRUBRUBRUBRUBRUBRUBRUBRUBRUBRUBRUBRUB,3743337.7029530415
2023-05-31,USDT,NGNNGNNGNNGNNGNNGNNGNNGNNGNNGNNGNNGNNGNNGNNGNNGNNGNNGNNGNNGNNGNNGNNGNNGNNGNNGNNGNNGNNGNNGNNGNRUBRUBRUBRUBRUBRUBRUBRUBRUBRUBRUBRUBRUBRUBRUBRUBRUBRUBRUBRUBRUBRUBRUBRUBRUBRUBRUBRUBRUBRUBRUB,52548712.91011031
2023-06-30,BTC,NGNNGNNGNNGNNGNNGNNGNNGNNGNNGNNGNNGNNGNNGNNGNNGNNGNNGNNGNNGNNGNNGNRUBRUBRUBRUBRUBRUBRUBRUBRUBRUBRUBRUBRUBRUBRUBRUBRUBRUBRUBRUBRUBRUBRUBRUBRUBRUBRUBRUBRUBRUB,26419370.52440472
2023-06-30,OTHERS,RUBRUBRUBRUBRUBRUBRUBRUBRUBRUBRUBRUBRUBRUBRUBRUBRUBRUBRUBRUBRUBRUBRUBRUBRUBRUBRUBRUBRUBRUB,4511054.03480844
2023-06-30,USDT,NGNNGNNGNNGNNGNNGNNGNNGNNGNNGNNGNNGNNGNNGNNGNNGNNGNNGNNGNNGNNGNNGNNGNNGNNGNNGNNGNNGNNGNNGNRUBRUBRUBRUBRUBRUBRUBRUBRUBRUBRUBRUBRUBRUBRUBRUBRUBRUBRUBRUBRUBRUBRUBRUBRUBRUBRUBRUBRUBRUB,63375449.90262197
2023-07-31,BTC,NGNNGNNGNNGNNGNNGNNGNNGNNGNNGNNGNNGNNGNNGNNGNNGNNGNNGNNGNNGNNGNNGNNGNNGNNGNNGNNGNNGNNGNNGNNGNRUBRUBRUBRUBRUBRUBRUBRUBRUBRUBRUBRUBRUBRUBRUBRUBRUBRUBRUBRUBRUBRUBRUBRUBRUBRUBRUBRUBRUBRUBRUB,23869979.13925573
2023-07-31,OTHERS,RUBRUBRUBRUBRUBRUBRUBRUBRUBRUBRUBRUBRUBRUBRUBRUBRUBRUBRUBRUBRUBRUBRUBRUBRUBRUBRUBRUBRUBRUBRUB,3259512.4507038575
2023-07-31,USDT,NGNNGNNGNNGNNGNNGNNGNNGNNGNNGNNGNNGNNGNNGNNGNNGNNGNNGNNGNNGNNGNNGNNGNNGNNGNNGNNGNNGNNGNNGNNGNRUBRUBRUBRUBRUBRUBRUBRUBRUBRUBRUBRUBRUBRUBRUBRUBRUBRUBRUBRUBRUBRUBRUBRUBRUBRUBRUBRUBRUBRUBRUB,67602167.50921082
2023-08-31,BTC,NGNNGNNGNNGNNGNNGNNGNNGNNGNNGNNGNNGNNGNNGNNGNNGNNGNNGNNGNNGNNGNNGNNGNNGNNGNNGNNGNNGNNGNNGNNGNRUBRUBRUBRUBRUBRUBRUBRUBRUBRUBRUBRUBRUBRUBRUBRUBRUBRUBRUBRUBRUBRUBRUBRUBRUBRUBRUBRUBRUBRUBRUB,27835432.026075866
2023-08-31,OTHERS,RUBRUBRUBRUBRUBRUBRUBRUBRUBRUBRUBRUBRUBRUBRUBRUBRUBRUBRUBRUBRUBRUBRUBRUBRUBRUBRUBRUBRUBRUBRUB,6484985.2033976335
2023-08-31,USDT,NGNNGNNGNNGNNGNNGNNGNNGNNGNNGNNGNNGNNGNNGNNGNNGNNGNNGNNGNNGNNGNNGNNGNNGNNGNNGNNGNNGNNGNNGNNGNRUBRUBRUBRUBRUBRUBRUBRUBRUBRUBRUBRUBRUBRUBRUBRUBRUBRUBRUBRUBRUBRUBRUBRUBRUBRUBRUBRUBRUBRUBRUB,87352294.70245714
2023-09-30,BTC,NGNNGNNGNNGNNGNNGNNGNNGNNGNNGNNGNNGNNGNNGNNGNNGNNGNNGNNGNNGNNGNNGNNGNNGNNGNNGNNGNNGNNGNNGNRUBRUBRUBRUBRUBRUBRUBRUBRUBRUBRUBRUBRUBRUBRUBRUBRUBRUBRUBRUBRUBRUBRUBRUBRUBRUBRUBRUBRUBRUB,21404112.853224244
2023-09-30,OTHERS,RUBRUBRUBRUBRUBRUBRUBRUBRUBRUBRUBRUBRUBRUBRUBRUBRUBRUBRUBRUBRUBRUBRUBRUBRUBRUBRUBRUBRUBRUB,5706461.667638248
2023-09-30,USDT,NGNNGNNGNNGNNGNNGNNGNNGNNGNNGNNGNNGNNGNNGNNGNNGNNGNNGNNGNNGNNGNNGNNGNNGNNGNNGNNGNNGNNGNNGNRUBRUBRUBRUBRUBRUBRUBRUBRUBRUBRUBRUBRUBRUBRUBRUBRUBRUBRUBRUBRUBRUBRUBRUBRUBRUBRUBRUBRUBRUB,45843852.221552104
2023-10-31,BTC,NGNNGNNGNNGNNGNNGNNGNNGNNGNNGNNGNNGNNGNNGNNGNNGNNGNNGNNGNNGNNGNNGNNGNNGNNGNNGNNGNNGNNGNNGNNGNRUBRUBRUBRUBRUBRUBRUBRUBRUBRUBRUBRUBRUBRUBRUBRUBRUBRUBRUBRUBRUBRUBRUBRUBRUBRUBRUBRUBRUBRUBRUB,27273015.316526145
2023-10-31,OTHERS,UAHUAHUAHUAHUAHUAHUAHUAHUAHUAHUAHUAHUAHUAHRUBRUBRUBRUBRUBRUBRUBRUBRUBRUBRUBRUBRUBRUBRUBRUBRUBRUBRUBRUBRUBRUBRUBRUBRUBRUBRUBRUBRUBRUBRUB,4743497.44509511
2023-10-31,USDT,NGNNGNNGNNGNNGNNGNNGNNGNNGNNGNNGNNGNNGNNGNNGNNGNNGNNGNNGNNGNNGNNGNNGNNGNNGNNGNNGNNGNNGNNGNNGNRUBRUBRUBRUBRUBRUBRUBRUBRUBRUBRUBRUBRUBRUBRUBRUBRUBRUBRUBRUBRUBRUBRUBRUBRUBRUBRUBRUBRUBRUBRUB,49388369.994517386
2023-11-30,BTC,NGNNGNNGNNGNNGNNGNNGNNGNNGNNGNNGNNGNNGNNGNNGNNGNNGNNGNNGNNGNNGNNGNNGNNGNNGNNGNNGNNGNNGNNGNRUBRUBRUBRUBRUBRUBRUBRUBRUBRUBRUBRUBRUBRUBRUBRUBRUBRUBRUBRUBRUBRUBRUBRUBRUBRUBRUBRUBRUBRUB,18279491.347990375
2023-11-30,OTHERS,UAHUAHUAHUAHUAHUAHUAHUAHUAHUAHUAHUAHUAHUAHUAHUAHUAHUAHUAHUAHUAHUAHUAHUAHUAHUAHUAHUAHUAHUAHRUBRUBRUBRUBRUBRUBRUBRUBRUBRUBRUBRUBRUBRUBRUBRUBRUBRUBRUBRUB,3271624.194896136
2023-11-30,USDT,NGNNGNNGNNGNNGNNGNNGNNGNNGNNGNNGNNGNNGNNGNNGNNGNNGNNGNNGNNGNNGNNGNNGNNGNNGNNGNNGNNGNNGNNGNRONRONRONRONRONRONRONRONRONRONRONRONRONRUBRUBRUBRUBRUBRUBRUBRUBRUBRUBRUBRUBRUBRUBRUBRUBRUBRUBRUBRUBRUBRUBRUBRUBRUBRUBRUBRUBRUBRUB,58639470.31955435
2023-12-31,BTC,NGNNGNNGNNGNNGNNGNNGNNGNNGNNGNNGNNGNNGNNGNNGNNGNNGNNGNNGNNGNNGNNGNNGNNGNNGNNGNNGNNGNNGNNGNNGNRUBRUBRUBRUBRUBRUBRUBRUBRUBRUBRUBRUBRUBRUBRUBRUBRUBRUBRUBRUBRUBRUBRUBRUBRUBRUBRUBRUBRUBRUBRUB,8739816.419857977
2023-12-31,OTHERS,UAHUAHUAHUAHUAHUAHUAHUAHUAHUAHUAHUAHUAHUAHUAHUAHUAHUAHUAHUAHUAHUAHUAHUAHUAHUAHUAHUAHUAHUAHUAH,1082441.0616129562
2023-12-31,USDT,NGNNGNNGNNGNNGNNGNNGNNGNNGNNGNNGNNGNNGNNGNNGNNGNNGNNGNNGNNGNNGNNGNNGNNGNNGNNGNNGNNGNNGNNGNNGNRONRONRONRONRONRONRONRONRONRONRONRONRONRONRONRONRONRONRONRONRONRONRONRONRONRONRONRONRONRONRONRUBRUBRUBRUBRUBRUBRUBRUBRUBRUBRUBRUBRUBRUBRUBRUBRUBRUBRUBRUBRUBRUBRUBRUBRUBRUBRUBRUBRUBRUBRUB,49124216.00341493
2024-01-31,BTC,NGNNGNNGNNGNNGNNGNNGNNGNNGNNGNNGNNGNNGNNGNNGNNGNNGNNGNNGNNGNNGNNGNNGNNGNNGNNGNNGNNGNNGNNGNNGNRUBRUBRUBRUBRUBRUBRUBRUBRUBRUBRUBRUBRUBRUBRUBRUBRUBRUBRUBRUBRUBRUBRUBRUBRUBRUBRUBRUBRUBRUB,9595914.2799749
2024-01-31,OTHERS,UAHUAHUAHUAHUAHUAHUAHUAHUAHUAHUAHUAHUAHUAHUAHUAHUAHUAHUAHUAHUAHUAHUAHUAHUAHUAHUAHUAHUAHUAHUAH,1001337.5621314045
2024-01-31,USDT,NGNNGNNGNNGNNGNNGNNGNNGNNGNNGNNGNNGNNGNNGNNGNNGNNGNNGNNGNNGNNGNNGNNGNNGNNGNNGNNGNNGNNGNNGNNGNRONRONRONRONRONRONRONRONRONRONRONRONRONRONRONRONRONRONRONRONRONRONRONRONRONRONRONRONRONRONRONRUBRUBRUBRUBRUBRUBRUBRUBRUBRUBRUBRUBRUBRUBRUBRUBRUBRUBRUBRUBRUBRUBRUBRUBRUBRUBRUBRUBRUBRUB,39763648.0289189
2024-02-29,BTC,NGNNGNNGNNGNNGNNGNNGNNGNNGNNGNNGNNGNNGNNGNNGNNGNNGNNGNNGNNGNNGNNGNNGNNGNNGNNGNNGNNGNNGNARSARSARSARSARSBRLBRLBRLBRLBRLTRYTRYTRYTRYTRYZARZARZARZARZARUAHUAHUAHUAHUAHRONRONRONRONRONPLNPLNPLNPLNPLN,159417546.64455885
2024-02-29,OTHERS,BRLBRLBRLBRLBRLTRYTRYTRYTRYTRYZARZARZARZARZARUAHUAHUAHUAHUAHUAHUAHUAHUAHUAHUAHUAHUAHUAHUAHUAHUAHUAHUAHUAHUAHUAHUAHUAHUAHUAHUAHUAHUAHPLNPLNPLNPLNPLN,70095884.06751244
2024-02-29,USDT,NGNNGNNGNNGNNGNNGNNGNNGNNGNNGNNGNNGNNGNNGNNGNNGNNGNNGNNGNNGNNGNNGNNGNNGNNGNNGNNGNNGNNGNARSARSARSARSARSBRLBRLBRLBRLBRLTRYTRYTRYTRYTRYZARZARZARZARZARUAHUAHUAHUAHUAHRONRONRONRONRONRONRONRONRONRONRONRONRONRONRONRONRONRONRONRONRONRONRONRONRONRONRONRONRONPLNPLNPLNPLNPLN,895456552.8046072
2024-03-31,BTC,NGNNGNNGNNGNNGNNGNNGNARSARSARSARSARSARSARSARSARSARSARSARSARSARSARSARSARSARSARSARSARSARSARSARSARSARSARSARSARSARSARSBRLBRLBRLBRLBRLBRLBRLBRLBRLBRLBRLBRLBRLBRLBRLBRLBRLBRLBRLBRLBRLBRLBRLBRLBRLBRLBRLBRLBRLBRLBRLTRYTRYTRYTRYTRYTRYTRYTRYTRYTRYTRYTRYTRYTRYTRYTRYTRYTRYTRYTRYTRYTRYTRYTRYTRYTRYTRYTRYTRYTRYTRYZARZARZARZARZARZARZARZARZARZARZARZARZARZARZARZARZARZARZARZARZARZARZARZARZARZARZARZARZARZARZARUAHUAHUAHUAHUAHUAHUAHUAHUAHUAHUAHUAHUAHUAHUAHUAHUAHUAHUAHUAHUAHUAHUAHUAHUAHUAHUAHUAHUAHUAHUAHRONRONRONRONRONRONRONRONRONRONRONRONRONRONRONRONRONRONRONRONRONRONRONRONRONRONRONRONRONRONRONPLNPLNPLNPLNPLNPLNPLNPLNPLNPLNPLNPLNPLNPLNPLNPLNPLNPLNPLNPLNPLNPLNPLNPLNPLNPLNPLNPLNPLNPLNPLN,962385342.7802681
2024-03-31,OTHERS,BRLBRLBRLBRLBRLBRLBRLBRLBRLBRLBRLBRLBRLBRLBRLBRLBRLBRLBRLBRLBRLBRLBRLBRLBRLBRLBRLBRLBRLBRLBRLTRYTRYTRYTRYTRYTRYTRYTRYTRYTRYTRYTRYTRYTRYTRYTRYTRYTRYTRYTRYTRYTRYTRYTRYTRYTRYTRYTRYTRYTRYTRYZARZARZARZARZARZARZARZARZARZARZARZARZARZARZARZARZARZARZARZARZARZARZARZARZARZARZARZARZARZARZARUAHUAHUAHUAHUAHUAHUAHUAHUAHUAHUAHUAHUAHUAHUAHUAHUAHUAHUAHUAHUAHUAHUAHUAHUAHUAHUAHUAHUAHUAHUAHPLNPLNPLNPLNPLNPLNPLNPLNPLNPLNPLNPLNPLNPLNPLNPLNPLNPLNPLNPLNPLNPLNPLNPLNPLNPLNPLNPLNPLNPLNPLN,438128412.2019025
2024-03-31,USDT,NGNNGNNGNNGNNGNNGNNGNARSARSARSARSARSARSARSARSARSARSARSARSARSARSARSARSARSARSARSARSARSARSARSARSARSARSARSARSARSARSARSBRLBRLBRLBRLBRLBRLBRLBRLBRLBRLBRLBRLBRLBRLBRLBRLBRLBRLBRLBRLBRLBRLBRLBRLBRLBRLBRLBRLBRLBRLBRLTRYTRYTRYTRYTRYTRYTRYTRYTRYTRYTRYTRYTRYTRYTRYTRYTRYTRYTRYTRYTRYTRYTRYTRYTRYTRYTRYTRYTRYTRYTRYZARZARZARZARZARZARZARZARZARZARZARZARZARZARZARZARZARZARZARZARZARZARZARZARZARZARZARZARZARZARZARUAHUAHUAHUAHUAHUAHUAHUAHUAHUAHUAHUAHUAHUAHUAHUAHUAHUAHUAHUAHUAHUAHUAHUAHUAHUAHUAHUAHUAHUAHUAHRONRONRONRONRONRONRONRONRONRONRONRONRONRONRONRONRONRONRONRONRONRONRONRONRONRONRONRONRONRONRONPLNPLNPLNPLNPLNPLNPLNPLNPLNPLNPLNPLNPLNPLNPLNPLNPLNPLNPLNPLNPLNPLNPLNPLNPLNPLNPLNPLNPLNPLNPLN,6289299083.830492
2024-04-30,BTC,ARSARSARSARSARSARSARSARSARSARSARSARSARSARSARSARSARSARSARSARSARSARSARSARSARSARSARSARSARSARSBRLBRLBRLBRLBRLBRLBRLBRLBRLBRLBRLBRLBRLBRLBRLBRLBRLBRLBRLBRLBRLBRLBRLBRLBRLBRLBRLBRLBRLBRLTRYTRYTRYTRYTRYTRYTRYTRYTRYTRYTRYTRYTRYTRYTRYTRYTRYTRYTRYTRYTRYTRYTRYTRYTRYTRYTRYTRYTRYTRYZARZARZARZARZARZARZARZARZARZARZARZARZARZARZARZARZARZARZARZARZARZARZARZARZARZARZARZARZARZARUAHUAHUAHUAHUAHUAHUAHUAHUAHUAHUAHUAHUAHUAHUAHUAHUAHUAHUAHUAHUAHUAHUAHUAHUAHUAHUAHUAHUAHUAHRONRONRONRONRONRONRONRONRONRONRONRONRONRONRONRONRONRONRONRONRONRONRONRONRONRONRONRONRONRONPLNPLNPLNPLNPLNPLNPLNPLNPLNPLNPLNPLNPLNPLNPLNPLNPLNPLNPLNPLNPLNPLNPLNPLNPLNPLNPLNPLNPLNPLN,780855453.9825222
2024-04-30,OTHERS,BRLBRLBRLBRLBRLBRLBRLBRLBRLBRLBRLBRLBRLBRLBRLBRLBRLBRLBRLBRLBRLBRLBRLBRLBRLBRLBRLBRLBRLBRLTRYTRYTRYTRYTRYTRYTRYTRYTRYTRYTRYTRYTRYTRYTRYTRYTRYTRYTRYTRYTRYTRYTRYTRYTRYTRYTRYTRYTRYTRYZARZARZARZARZARZARZARZARZARZARZARZARZARZARZARZARZARZARZARZARZARZARZARZARZARZARZARZARZARZARUAHUAHUAHUAHUAHUAHUAHUAHUAHUAHUAHUAHUAHUAHUAHUAHUAHUAHUAHUAHUAHUAHUAHUAHUAHUAHUAHUAHUAHUAHPLNPLNPLNPLNPLNPLNPLNPLNPLNPLNPLNPLNPLNPLNPLNPLNPLNPLNPLNPLNPLNPLNPLNPLNPLNPLNPLNPLNPLNPLN,270670811.84099984
2024-04-30,USDT,ARSARSARSARSARSARSARSARSARSARSARSARSARSARSARSARSARSARSARSARSARSARSARSARSARSARSARSARSARSARSBRLBRLBRLBRLBRLBRLBRLBRLBRLBRLBRLBRLBRLBRLBRLBRLBRLBRLBRLBRLBRLBRLBRLBRLBRLBRLBRLBRLBRLBRLMXNMXNMXNMXNMXNMXNMXNMXNMXNMXNMXNMXNMXNMXNMXNMXNMXNMXNMXNMXNMXNTRYTRYTRYTRYTRYTRYTRYTRYTRYTRYTRYTRYTRYTRYTRYTRYTRYTRYTRYTRYTRYTRYTRYTRYTRYTRYTRYTRYTRYTRYZARZARZARZARZARZARZARZARZARZARZARZARZARZARZARZARZARZARZARZARZARZARZARZARZARZARZARZARZARZARUAHUAHUAHUAHUAHUAHUAHUAHUAHUAHUAHUAHUAHUAHUAHUAHUAHUAHUAHUAHUAHUAHUAHUAHUAHUAHUAHUAHUAHUAHRONRONRONRONRONRONRONRONRONRONRONRONRONRONRONRONRONRONRONRONRONRONRONRONRONRONRONRONRONRONPLNPLNPLNPLNPLNPLNPLNPLNPLNPLNPLNPLNPLNPLNPLNPLNPLNPLNPLNPLNPLNPLNPLNPLNPLNPLNPLNPLNPLNPLN,4080424891.1142297
2024-05-31,BTC,ARSARSARSARSARSARSARSARSARSARSARSARSARSARSARSARSARSARSARSARSARSARSARSARSARSARSARSARSARSARSARSBRLBRLBRLBRLBRLBRLBRLBRLBRLBRLBRLBRLBRLBRLBRLBRLBRLBRLBRLBRLBRLBRLBRLBRLBRLBRLBRLBRLBRLBRLBRLMXNMXNMXNTRYTRYTRYTRYTRYTRYTRYTRYTRYTRYTRYTRYTRYTRYTRYTRYTRYTRYTRYTRYTRYTRYTRYTRYTRYTRYTRYTRYTRYTRYTRYZARZARZARZARZARZARZARZARZARZARZARZARZARZARZARZARZARZARZARZARZARZARZARZARZARZARZARZARZARZARZARUAHUAHUAHUAHUAHUAHUAHUAHUAHUAHUAHUAHUAHUAHUAHUAHUAHUAHUAHUAHUAHUAHUAHUAHUAHUAHUAHUAHUAHUAHUAHRONRONRONRONRONRONRONRONRONRONRONRONRONRONRONRONRONRONRONRONRONRONRONRONRONRONRONRONRONRONRONPLNPLNPLNPLNPLNPLNPLNPLNPLNPLNPLNPLNPLNPLNPLNPLNPLNPLNPLNPLNPLNPLNPLNPLNPLNPLNPLNPLNPLNPLNPLN,505468894.3264079
2024-05-31,OTHERS,BRLBRLBRLBRLBRLBRLBRLBRLBRLBRLBRLBRLBRLBRLBRLBRLBRLBRLBRLBRLBRLBRLBRLBRLBRLBRLBRLBRLBRLBRLBRLTRYTRYTRYTRYTRYTRYTRYTRYTRYTRYTRYTRYTRYTRYTRYTRYTRYTRYTRYTRYTRYTRYTRYTRYTRYTRYTRYTRYTRYTRYTRYZARZARZARZARZARZARZARZARZARZARZARZARZARZARZARZARZARZARZARZARZARZARZARZARZARZARZARZARZARZARZARUAHUAHUAHUAHUAHUAHUAHUAHUAHUAHUAHUAHUAHUAHUAHUAHUAHUAHUAHUAHUAHUAHUAHUAHUAHUAHUAHUAHUAHUAHUAHPLNPLNPLNPLNPLNPLNPLNPLNPLNPLNPLNPLNPLNPLNPLNPLNPLNPLNPLNPLNPLNPLNPLNPLNPLNPLNPLNPLNPLNPLNPLN,242004520.68385947
2024-05-31,USDT,ARSARSARSARSARSARSARSARSARSARSARSARSARSARSARSARSARSARSARSARSARSARSARSARSARSARSARSARSARSARSARSBRLBRLBRLBRLBRLBRLBRLBRLBRLBRLBRLBRLBRLBRLBRLBRLBRLBRLBRLBRLBRLBRLBRLBRLBRLBRLBRLBRLBRLBRLBRLMXNMXNMXNMXNMXNMXNMXNMXNMXNMXNMXNMXNMXNMXNMXNMXNMXNMXNMXNMXNMXNMXNMXNMXNMXNMXNMXNMXNMXNMXNMXNTRYTRYTRYTRYTRYTRYTRYTRYTRYTRYTRYTRYTRYTRYTRYTRYTRYTRYTRYTRYTRYTRYTRYTRYTRYTRYTRYTRYTRYTRYTRYZARZARZARZARZARZARZARZARZARZARZARZARZARZARZARZARZARZARZARZARZARZARZARZARZARZARZARZARZARZARZARUAHUAHUAHUAHUAHUAHUAHUAHUAHUAHUAHUAHUAHUAHUAHUAHUAHUAHUAHUAHUAHUAHUAHUAHUAHUAHUAHUAHUAHUAHUAHRONRONRONRONRONRONRONRONRONRONRONRONRONRONRONRONRONRONRONRONRONRONRONRONRONRONRONRONRONRONRONPLNPLNPLNPLNPLNPLNPLNPLNPLNPLNPLNPLNPLNPLNPLNPLNPLNPLNPLNPLNPLNPLNPLNPLNPLNPLNPLNPLNPLNPLNPLN,3387797448.207291
2024-06-30,BTC,ARSARSARSARSARSARSARSARSARSARSARSARSARSARSARSARSARSARSARSARSARSARSARSARSARSARSARSARSARSARSBRLBRLBRLBRLBRLBRLBRLBRLBRLBRLBRLBRLBRLBRLBRLBRLBRLBRLBRLBRLBRLBRLBRLBRLBRLBRLBRLBRLBRLBRLMXNMXNMXNMXNMXNMXNMXNMXNMXNMXNMXNMXNMXNMXNMXNMXNMXNMXNMXNMXNMXNMXNMXNMXNMXNMXNMXNMXNMXNMXNTRYTRYTRYTRYTRYTRYTRYTRYTRYTRYTRYTRYTRYTRYTRYTRYTRYTRYTRYTRYTRYTRYTRYTRYTRYTRYTRYTRYTRYTRYZARZARZARZARZARZARZARZARZARZARZARZARZARZARZARZARZARZARZARZARZARZARZARZARZARZARZARZARZARZARUAHUAHUAHUAHUAHUAHUAHUAHUAHUAHUAHUAHUAHUAHUAHUAHUAHUAHUAHUAHUAHUAHUAHUAHUAHUAHUAHUAHUAHUAHRONRONRONRONRONRONRONRONRONRONRONRONRONRONRONRONRONRONRONRONRONRONRONRONRONRONRONRONRONRONPLNPLNPLNPLNPLNPLNPLNPLNPLNPLNPLNPLNPLNPLNPLNPLNPLNPLNPLNPLNPLNPLNPLNPLNPLNPLNPLNPLNPLNPLN,455293416.3875632
2024-06-30,OTHERS,BRLBRLBRLBRLBRLBRLBRLBRLBRLBRLBRLBRLBRLBRLBRLBRLBRLBRLBRLBRLBRLBRLBRLBRLBRLBRLBRLBRLBRLBRLTRYTRYTRYTRYTRYTRYTRYTRYTRYTRYTRYTRYTRYTRYTRYTRYTRYTRYTRYTRYTRYTRYTRYTRYTRYTRYTRYTRYTRYTRYZARZARZARZARZARZARZARZARZARZARZARZARZARZARZARZARZARZARZARZARZARZARZARZARZARZARZARZARZARZARUAHUAHUAHUAHUAHUAHUAHUAHUAHUAHUAHUAHUAHUAHUAHUAHUAHUAHUAHUAHUAHUAHUAHUAHUAHUAHUAHUAHUAHUAHPLNPLNPLNPLNPLNPLNPLNPLNPLNPLNPLNPLNPLNPLNPLNPLNPLNPLNPLNPLNPLNPLNPLNPLNPLNPLNPLNPLNPLNPLN,186509024.56405464
2024-06-30,USDT,ARSARSARSARSARSARSARSARSARSARSARSARSARSARSARSARSARSARSARSARSARSARSARSARSARSARSARSARSARSARSBRLBRLBRLBRLBRLBRLBRLBRLBRLBRLBRLBRLBRLBRLBRLBRLBRLBRLBRLBRLBRLBRLBRLBRLBRLBRLBRLBRLBRLBRLMXNMXNMXNMXNMXNMXNMXNMXNMXNMXNMXNMXNMXNMXNMXNMXNMXNMXNMXNMXNMXNMXNMXNMXNMXNMXNMXNMXNMXNMXNTRYTRYTRYTRYTRYTRYTRYTRYTRYTRYTRYTRYTRYTRYTRYTRYTRYTRYTRYTRYTRYTRYTRYTRYTRYTRYTRYTRYTRYTRYZARZARZARZARZARZARZARZARZARZARZARZARZARZARZARZARZARZARZARZARZARZARZARZARZARZARZARZARZARZARUAHUAHUAHUAHUAHUAHUAHUAHUAHUAHUAHUAHUAHUAHUAHUAHUAHUAHUAHUAHUAHUAHUAHUAHUAHUAHUAHUAHUAHUAHRONRONRONRONRONRONRONRONRONRONRONRONRONRONRONRONRONRONRONRONRONRONRONRONRONRONRONRONRONRONPLNPLNPLNPLNPLNPLNPLNPLNPLNPLNPLNPLNPLNPLNPLNPLNPLNPLNPLNPLNPLNPLNPLNPLNPLNPLNPLNPLNPLNPLN,3326359243.021344
2024-07-31,BTC,ARSARSARSARSARSARSARSARSARSARSARSARSARSARSARSARSARSARSARSARSARSARSARSARSARSARSARSARSARSARSARSBRLBRLBRLBRLBRLBRLBRLBRLBRLBRLBRLBRLBRLBRLBRLBRLBRLBRLBRLBRLBRLBRLBRLBRLBRLBRLBRLBRLBRLBRLBRLMXNMXNMXNMXNMXNMXNMXNMXNMXNMXNMXNMXNMXNMXNMXNMXNMXNMXNMXNMXNMXNMXNMXNMXNMXNMXNMXNMXNMXNMXNMXNTRYTRYTRYTRYTRYTRYTRYTRYTRYTRYTRYTRYTRYTRYTRYTRYTRYTRYTRYTRYTRYTRYTRYTRYTRYTRYTRYTRYTRYTRYTRYZARZARZARZARZARZARZARZARZARZARZARZARZARZARZARZARZARZARZARZARZARZARZARZARZARZARZARZARZARZARZARUAHUAHUAHUAHUAHUAHUAHUAHUAHUAHUAHUAHUAHUAHUAHUAHUAHUAHUAHUAHUAHUAHUAHUAHUAHUAHUAHUAHUAHUAHUAHRONRONRONRONRONRONRONRONRONRONRONRONRONRONRONRONRONRONRONRONRONRONRONRONRONRONRONRONRONRONRONPLNPLNPLNPLNPLNPLNPLNPLNPLNPLNPLNPLNPLNPLNPLNPLNPLNPLNPLNPLNPLNPLNPLNPLNPLNPLNPLNPLNPLNPLNPLN,509378338.1637651
2024-07-31,OTHERS,ARSARSARSARSARSARSARSARSARSARSARSARSARSARSBRLBRLBRLBRLBRLBRLBRLBRLBRLBRLBRLBRLBRLBRLBRLBRLBRLBRLBRLBRLBRLBRLBRLBRLBRLBRLBRLBRLBRLBRLBRLTRYTRYTRYTRYTRYTRYTRYTRYTRYTRYTRYTRYTRYTRYTRYTRYTRYTRYTRYTRYTRYTRYTRYTRYTRYTRYTRYTRYTRYTRYTRYZARZARZARZARZARZARZARZARZARZARZARZARZARZARZARZARZARZARZARZARZARZARZARZARZARZARZARZARZARZARZARUAHUAHUAHUAHUAHUAHUAHUAHUAHUAHUAHUAHUAHUAHUAHUAHUAHUAHUAHUAHUAHUAHUAHUAHUAHUAHUAHUAHUAHUAHUAHPLNPLNPLNPLNPLNPLNPLNPLNPLNPLNPLNPLNPLNPLNPLNPLNPLNPLNPLNPLNPLNPLNPLNPLNPLNPLNPLNPLNPLNPLNPLN,192153339.58901447
2024-07-31,USDT,ARSARSARSARSARSARSARSARSARSARSARSARSARSARSARSARSARSARSARSARSARSARSARSARSARSARSARSARSARSARSARSBRLBRLBRLBRLBRLBRLBRLBRLBRLBRLBRLBRLBRLBRLBRLBRLBRLBRLBRLBRLBRLBRLBRLBRLBRLBRLBRLBRLBRLBRLBRLMXNMXNMXNMXNMXNMXNMXNMXNMXNMXNMXNMXNMXNMXNMXNMXNMXNMXNMXNMXNMXNMXNMXNMXNMXNMXNMXNMXNMXNMXNMXNTRYTRYTRYTRYTRYTRYTRYTRYTRYTRYTRYTRYTRYTRYTRYTRYTRYTRYTRYTRYTRYTRYTRYTRYTRYTRYTRYTRYTRYTRYTRYZARZARZARZARZARZARZARZARZARZARZARZARZARZARZARZARZARZARZARZARZARZARZARZARZARZARZARZARZARZARZARUAHUAHUAHUAHUAHUAHUAHUAHUAHUAHUAHUAHUAHUAHUAHUAHUAHUAHUAHUAHUAHUAHUAHUAHUAHUAHUAHUAHUAHUAHUAHRONRONRONRONRONRONRONRONRONRONRONRONRONRONRONRONRONRONRONRONRONRONRONRONRONRONRONRONRONRONRONPLNPLNPLNPLNPLNPLNPLNPLNPLNPLNPLNPLNPLNPLNPLNPLNPLNPLNPLNPLNPLNPLNPLNPLNPLNPLNPLNPLNPLNPLNPLN,3298927228.47415
2024-08-31,BTC,ARSARSARSARSARSARSARSARSARSARSARSARSARSARSARSARSARSARSARSARSARSARSARSARSARSARSARSARSARSARSARSBRLBRLBRLBRLBRLBRLBRLBRLBRLBRLBRLBRLBRLBRLBRLBRLBRLBRLBRLBRLBRLBRLBRLBRLBRLBRLBRLBRLBRLBRLBRLMXNMXNMXNMXNMXNMXNMXNMXNMXNMXNMXNMXNMXNMXNMXNMXNMXNMXNMXNMXNMXNMXNMXNMXNMXNMXNMXNMXNMXNMXNMXNTRYTRYTRYTRYTRYTRYTRYTRYTRYTRYTRYTRYTRYTRYTRYTRYTRYTRYTRYTRYTRYTRYTRYTRYTRYTRYTRYTRYTRYTRYTRYZARZARZARZARZARZARZARZARZARZARZARZARZARZARZARZARZARZARZARZARZARZARZARZARZARZARZARZARZARZARZARUAHUAHUAHUAHUAHUAHUAHUAHUAHUAHUAHUAHUAHUAHUAHUAHUAHUAHUAHUAHUAHUAHUAHUAHUAHUAHUAHUAHUAHUAHUAHRONRONRONRONRONRONRONRONRONRONRONRONRONRONRONRONRONRONRONRONRONRONRONRONRONRONRONRONRONRONRONPLNPLNPLNPLNPLNPLNPLNPLNPLNPLNPLNPLNPLNPLNPLNPLNPLNPLNPLNPLNPLNPLNPLNPLNPLNPLNPLNPLNPLNPLNPLN,625093056.6707209
2024-08-31,OTHERS,ARSARSARSARSARSARSARSARSARSARSARSARSARSARSARSARSARSARSARSARSARSARSARSARSARSARSARSARSARSARSARSBRLBRLBRLBRLBRLBRLBRLBRLBRLBRLBRLBRLBRLBRLBRLBRLBRLBRLBRLBRLBRLBRLBRLBRLBRLBRLBRLBRLBRLBRLBRLTRYTRYTRYTRYTRYTRYTRYTRYTRYTRYTRYTRYTRYTRYTRYTRYTRYTRYTRYTRYTRYTRYTRYTRYTRYTRYTRYTRYTRYTRYTRYZARZARZARZARZARZARZARZARZARZARZARZARZARZARZARZARZARZARZARZARZARZARZARZARZARZARZARZARZARZARZARUAHUAHUAHUAHUAHUAHUAHUAHUAHUAHUAHUAHUAHUAHUAHUAHUAHUAHUAHUAHUAHUAHUAHUAHUAHUAHUAHUAHUAHUAHUAHPLNPLNPLNPLNPLNPLNPLNPLNPLNPLNPLNPLNPLNPLNPLNPLNPLNPLNPLNPLNPLNPLNPLNPLNPLNPLNPLNPLNPLNPLNPLN,260308995.16618058
2024-08-31,USDT,ARSARSARSARSARSARSARSARSARSARSARSARSARSARSARSARSARSARSARSARSARSARSARSARSARSARSARSARSARSARSARSBRLBRLBRLBRLBRLBRLBRLBRLBRLBRLBRLBRLBRLBRLBRLBRLBRLBRLBRLBRLBRLBRLBRLBRLBRLBRLBRLBRLBRLBRLBRLMXNMXNMXNMXNMXNMXNMXNMXNMXNMXNMXNMXNMXNMXNMXNMXNMXNMXNMXNMXNMXNMXNMXNMXNMXNMXNMXNMXNMXNMXNMXNTRYTRYTRYTRYTRYTRYTRYTRYTRYTRYTRYTRYTRYTRYTRYTRYTRYTRYTRYTRYTRYTRYTRYTRYTRYTRYTRYTRYTRYTRYTRYZARZARZARZARZARZARZARZARZARZARZARZARZARZARZARZARZARZARZARZARZARZARZARZARZARZARZARZARZARZARZARUAHUAHUAHUAHUAHUAHUAHUAHUAHUAHUAHUAHUAHUAHUAHUAHUAHUAHUAHUAHUAHUAHUAHUAHUAHUAHUAHUAHUAHUAHUAHRONRONRONRONRONRONRONRONRONRONRONRONRONRONRONRONRONRONRONRONRONRONRONRONRONRONRONRONRONRONRONPLNPLNPLNPLNPLNPLNPLNPLNPLNPLNPLNPLNPLNPLNPLNPLNPLNPLNPLNPLNPLNPLNPLNPLNPLNPLNPLNPLNPLNPLNPLN,3935487815.2621303
2024-09-30,BTC,ARSARSARSARSARSARSARSARSARSARSARSARSARSARSARSARSARSARSARSARSARSARSARSARSARSARSARSARSARSARSBRLBRLBRLBRLBRLBRLBRLBRLBRLBRLBRLBRLBRLBRLBRLBRLBRLBRLBRLBRLBRLBRLBRLBRLBRLBRLBRLBRLBRLBRLMXNMXNMXNMXNMXNMXNMXNMXNMXNMXNMXNMXNMXNMXNMXNMXNMXNMXNMXNMXNMXNMXNMXNMXNMXNMXNMXNMXNMXNMXNTRYTRYTRYTRYTRYTRYTRYTRYTRYTRYTRYTRYTRYTRYTRYTRYTRYTRYTRYTRYTRYTRYTRYTRYTRYTRYTRYTRYTRYTRYZARZARZARZARZARZARZARZARZARZARZARZARZARZARZARZARZARZARZARZARZARZARZARZARZARZARZARZARZARZARUAHUAHUAHUAHUAHUAHUAHUAHUAHUAHUAHUAHUAHUAHUAHUAHUAHUAHUAHUAHUAHUAHUAHUAHUAHUAHUAHUAHUAHUAHRONRONRONRONRONRONRONRONRONRONRONRONRONRONRONRONRONRONRONRONRONRONRONRONRONRONRONRONRONRONPLNPLNPLNPLNPLNPLNPLNPLNPLNPLNPLNPLNPLNPLNPLNPLNPLNPLNPLNPLNPLNPLNPLNPLNPLNPLNPLNPLNPLNPLN,473723907.2772691
2024-09-30,OTHERS,ARSARSARSARSARSARSARSARSARSARSARSARSARSARSARSARSARSARSARSARSARSARSARSARSARSARSARSARSARSARSBRLBRLBRLBRLBRLBRLBRLBRLBRLBRLBRLBRLBRLBRLBRLBRLBRLBRLBRLBRLBRLBRLBRLBRLBRLBRLBRLBRLBRLBRLTRYTRYTRYTRYTRYTRYTRYTRYTRYTRYTRYTRYTRYTRYTRYTRYTRYTRYTRYTRYTRYTRYTRYTRYTRYTRYTRYTRYTRYTRYZARZARZARZARZARZARZARZARZARZARZARZARZARZARZARZARZARZARZARZARZARZARZARZARZARZARZARZARZARZARUAHUAHUAHUAHUAHUAHUAHUAHUAHUAHUAHUAHUAHUAHUAHUAHUAHUAHUAHUAHUAHUAHUAHUAHUAHUAHUAHUAHUAHUAHPLNPLNPLNPLNPLNPLNPLNPLNPLNPLNPLNPLNPLNPLNPLNPLNPLNPLNPLNPLNPLNPLNPLNPLNPLNPLNPLNPLNPLNPLN,209094135.72367227
2024-09-30,USDT,ARSARSARSARSARSARSARSARSARSARSARSARSARSARSARSARSARSARSARSARSARSARSARSARSARSARSARSARSARSARSBRLBRLBRLBRLBRLBRLBRLBRLBRLBRLBRLBRLBRLBRLBRLBRLBRLBRLBRLBRLBRLBRLBRLBRLBRLBRLBRLBRLBRLBRLMXNMXNMXNMXNMXNMXNMXNMXNMXNMXNMXNMXNMXNMXNMXNMXNMXNMXNMXNMXNMXNMXNMXNMXNMXNMXNMXNMXNMXNMXNTRYTRYTRYTRYTRYTRYTRYTRYTRYTRYTRYTRYTRYTRYTRYTRYTRYTRYTRYTRYTRYTRYTRYTRYTRYTRYTRYTRYTRYTRYZARZARZARZARZARZARZARZARZARZARZARZARZARZARZARZARZARZARZARZARZARZARZARZARZARZARZARZARZARZARUAHUAHUAHUAHUAHUAHUAHUAHUAHUAHUAHUAHUAHUAHUAHUAHUAHUAHUAHUAHUAHUAHUAHUAHUAHUAHUAHUAHUAHUAHRONRONRONRONRONRONRONRONRONRONRONRONRONRONRONRONRONRONRONRONRONRONRONRONRONRONRONRONRONRONPLNPLNPLNPLNPLNPLNPLNPLNPLNPLNPLNPLNPLNPLNPLNPLNPLNPLNPLNPLNPLNPLNPLNPLNPLNPLNPLNPLNPLNPLN,3456796093.6755395
2024-10-31,BTC,ARSARSARSARSARSARSARSARSARSARSARSARSARSARSARSARSARSARSARSARSARSARSARSARSARSARSARSARSARSARSARSBRLBRLBRLBRLBRLBRLBRLBRLBRLBRLBRLBRLBRLBRLBRLBRLBRLBRLBRLBRLBRLBRLBRLBRLBRLBRLBRLBRLBRLBRLBRLMXNMXNMXNMXNMXNMXNMXNMXNMXNMXNMXNMXNMXNMXNMXNMXNMXNMXNMXNMXNMXNMXNMXNMXNMXNMXNMXNMXNMXNMXNMXNTRYTRYTRYTRYTRYTRYTRYTRYTRYTRYTRYTRYTRYTRYTRYTRYTRYTRYTRYTRYTRYTRYTRYTRYTRYTRYTRYTRYTRYTRYTRYZARZARZARZARZARZARZARZARZARZARZARZARZARZARZARZARZARZARZARZARZARZARZARZARZARZARZARZARZARZARZARUAHUAHUAHUAHUAHUAHUAHUAHUAHUAHUAHUAHUAHUAHUAHUAHUAHUAHUAHUAHUAHUAHUAHUAHUAHUAHUAHUAHUAHUAHUAHRONRONRONRONRONRONRONRONRONRONRONRONRONRONRONRONRONRONRONRONRONRONRONRONRONRONRONRONRONRONRONPLNPLNPLNPLNPLNPLNPLNPLNPLNPLNPLNPLNPLNPLNPLNPLNPLNPLNPLNPLNPLNPLNPLNPLNPLNPLNPLNPLNPLNPLNPLN,518064648.74558455
2024-10-31,OTHERS,ARSARSARSARSARSARSARSARSARSARSARSARSARSARSARSARSARSARSARSARSARSARSARSARSARSARSARSARSARSARSARSBRLBRLBRLBRLBRLBRLBRLBRLBRLBRLBRLBRLBRLBRLBRLBRLBRLBRLBRLBRLBRLBRLBRLBRLBRLBRLBRLBRLBRLBRLBRLTRYTRYTRYTRYTRYTRYTRYTRYTRYTRYTRYTRYTRYTRYTRYTRYTRYTRYTRYTRYTRYTRYTRYTRYTRYTRYTRYTRYTRYTRYTRYZARZARZARZARZARZARZARZARZARZARZARZARZARZARZARZARZARZARZARZARZARZARZARZARZARZARZARZARZARZARZARUAHUAHUAHUAHUAHUAHUAHUAHUAHUAHUAHUAHUAHUAHUAHUAHUAHUAHUAHUAHUAHUAHUAHUAHUAHUAHUAHUAHUAHUAHUAHPLNPLNPLNPLNPLNPLNPLNPLNPLNPLNPLNPLNPLNPLNPLNPLNPLNPLNPLNPLNPLNPLNPLNPLNPLNPLNPLNPLNPLNPLNPLN,213783325.42958298
2024-10-31,USDT,ARSARSARSARSARSARSARSARSARSARSARSARSARSARSARSARSARSARSARSARSARSARSARSARSARSARSARSARSARSARSARSBRLBRLBRLBRLBRLBRLBRLBRLBRLBRLBRLBRLBRLBRLBRLBRLBRLBRLBRLBRLBRLBRLBRLBRLBRLBRLBRLBRLBRLBRLBRLMXNMXNMXNMXNMXNMXNMXNMXNMXNMXNMXNMXNMXNMXNMXNMXNMXNMXNMXNMXNMXNMXNMXNMXNMXNMXNMXNMXNMXNMXNMXNTRYTRYTRYTRYTRYTRYTRYTRYTRYTRYTRYTRYTRYTRYTRYTRYTRYTRYTRYTRYTRYTRYTRYTRYTRYTRYTRYTRYTRYTRYTRYZARZARZARZARZARZARZARZARZARZARZARZARZARZARZARZARZARZARZARZARZARZARZARZARZARZARZARZARZARZARZARUAHUAHUAHUAHUAHUAHUAHUAHUAHUAHUAHUAHUAHUAHUAHUAHUAHUAHUAHUAHUAHUAHUAHUAHUAHUAHUAHUAHUAHUAHUAHRONRONRONRONRONRONRONRONRONRONRONRONRONRONRONRONRONRONRONRONRONRONRONRONRONRONRONRONRONRONRONPLNPLNPLNPLNPLNPLNPLNPLNPLNPLNPLNPLNPLNPLNPLNPLNPLNPLNPLNPLNPLNPLNPLNPLNPLNPLNPLNPLNPLNPLNPLN,4145606951.700382
2024-11-30,BTC,ARSARSARSARSARSARSARSARSARSARSARSARSARSARSARSARSARSARSARSARSARSARSARSARSARSARSARSARSARSARSBRLBRLBRLBRLBRLBRLBRLBRLBRLBRLBRLBRLBRLBRLBRLBRLBRLBRLBRLBRLBRLBRLBRLBRLBRLBRLBRLBRLBRLBRLMXNMXNMXNMXNMXNMXNMXNMXNMXNMXNMXNMXNMXNMXNMXNMXNMXNMXNMXNMXNMXNMXNMXNMXNMXNMXNMXNMXNMXNMXNTRYTRYTRYTRYTRYTRYTRYTRYTRYTRYTRYTRYTRYTRYTRYTRYTRYTRYTRYTRYTRYTRYTRYTRYTRYTRYTRYTRYTRYTRYZARZARZARZARZARZARZARZARZARZARZARZARZARZARZARZARZARZARZARZARZARZARZARZARZARZARZARZARZARZARUAHUAHUAHUAHUAHUAHUAHUAHUAHUAHUAHUAHUAHUAHUAHUAHUAHUAHUAHUAHUAHUAHUAHUAHUAHUAHUAHUAHUAHUAHRONRONRONRONRONRONRONRONRONRONRONRONRONRONRONRONRONRONRONRONRONRONRONRONRONRONRONRONRONRONPLNPLNPLNPLNPLNPLNPLNPLNPLNPLNPLNPLNPLNPLNPLNPLNPLNPLNPLNPLNPLNPLNPLNPLNPLNPLNPLNPLNPLNPLN,1207547092.2114742
2024-11-30,OTHERS,ARSARSARSARSARSARSARSARSARSARSARSARSARSARSARSARSARSARSARSARSARSARSARSARSARSARSARSARSARSARSBRLBRLBRLBRLBRLBRLBRLBRLBRLBRLBRLBRLBRLBRLBRLBRLBRLBRLBRLBRLBRLBRLBRLBRLBRLBRLBRLBRLBRLBRLTRYTRYTRYTRYTRYTRYTRYTRYTRYTRYTRYTRYTRYTRYTRYTRYTRYTRYTRYTRYTRYTRYTRYTRYTRYTRYTRYTRYTRYTRYZARZARZARZARZARZARZARZARZARZARZARZARZARZARZARZARZARZARZARZARZARZARZARZARZARZARZARZARZARZARUAHUAHUAHUAHUAHUAHUAHUAHUAHUAHUAHUAHUAHUAHUAHUAHUAHUAHUAHUAHUAHUAHUAHUAHUAHUAHUAHUAHUAHUAHPLNPLNPLNPLNPLNPLNPLNPLNPLNPLNPLNPLNPLNPLNPLNPLNPLNPLNPLNPLNPLNPLNPLNPLNPLNPLNPLNPLNPLNPLN,461062601.55898196
2024-11-30,USDT,ARSARSARSARSARSARSARSARSARSARSARSARSARSARSARSARSARSARSARSARSARSARSARSARSARSARSARSARSARSARSBRLBRLBRLBRLBRLBRLBRLBRLBRLBRLBRLBRLBRLBRLBRLBRLBRLBRLBRLBRLBRLBRLBRLBRLBRLBRLBRLBRLBRLBRLMXNMXNMXNMXNMXNMXNMXNMXNMXNMXNMXNMXNMXNMXNMXNMXNMXNMXNMXNMXNMXNMXNMXNMXNMXNMXNMXNMXNMXNMXNTRYTRYTRYTRYTRYTRYTRYTRYTRYTRYTRYTRYTRYTRYTRYTRYTRYTRYTRYTRYTRYTRYTRYTRYTRYTRYTRYTRYTRYTRYZARZARZARZARZARZARZARZARZARZARZARZARZARZARZARZARZARZARZARZARZARZARZARZARZARZARZARZARZARZARUAHUAHUAHUAHUAHUAHUAHUAHUAHUAHUAHUAHUAHUAHUAHUAHUAHUAHUAHUAHUAHUAHUAHUAHUAHUAHUAHUAHUAHUAHRONRONRONRONRONRONRONRONRONRONRONRONRONRONRONRONRONRONRONRONRONRONRONRONRONRONRONRONRONRONPLNPLNPLNPLNPLNPLNPLNPLNPLNPLNPLNPLNPLNPLNPLNPLNPLNPLNPLNPLNPLNPLNPLNPLNPLNPLNPLNPLNPLNPLN,6145167250.551675
2024-12-31,BTC,ARSARSARSARSARSARSARSARSARSARSARSARSARSARSARSARSARSARSARSARSARSARSARSARSARSARSARSARSARSARSARSBRLBRLBRLBRLBRLBRLBRLBRLBRLBRLBRLBRLBRLBRLBRLBRLBRLBRLBRLBRLBRLBRLBRLBRLBRLBRLBRLBRLBRLBRLBRLMXNMXNMXNMXNMXNMXNMXNMXNMXNMXNMXNMXNMXNMXNMXNMXNMXNMXNMXNMXNMXNMXNMXNMXNMXNMXNMXNMXNMXNMXNMXNTRYTRYTRYTRYTRYTRYTRYTRYTRYTRYTRYTRYTRYTRYTRYTRYTRYTRYTRYTRYTRYTRYTRYTRYTRYTRYTRYTRYTRYTRYTRYZARZARZARZARZARZARZARZARZARZARZARZARZARZARZARZARZARZARZARZARZARZARZARZARZARZARZARZARZARZARZARUAHUAHUAHUAHUAHUAHUAHUAHUAHUAHUAHUAHUAHUAHUAHUAHUAHUAHUAHUAHUAHUAHUAHUAHUAHUAHUAHUAHUAHUAHUAHRONRONRONRONRONRONRONRONRONRONRONRONRONRONRONRONRONRONRONRONRONRONRONRONRONRONRONRONRONRONRONPLNPLNPLNPLNPLNPLNPLNPLNPLNPLNPLNPLNPLNPLNPLNPLNPLNPLNPLNPLNPLNPLNPLNPLNPLNPLNPLNPLNPLNPLNPLN,1410129689.9900851
2024-12-31,OTHERS,ARSARSARSARSARSARSARSARSARSARSARSARSARSARSARSARSARSARSARSARSARSARSARSARSARSARSARSARSARSARSARSBRLBRLBRLBRLBRLBRLBRLBRLBRLBRLBRLBRLBRLBRLBRLBRLBRLBRLBRLBRLBRLBRLBRLBRLBRLBRLBRLBRLBRLBRLBRLTRYTRYTRYTRYTRYTRYTRYTRYTRYTRYTRYTRYTRYTRYTRYTRYTRYTRYTRYTRYTRYTRYTRYTRYTRYTRYTRYTRYTRYTRYTRYZARZARZARZARZARZARZARZARZARZARZARZARZARZARZARZARZARZARZARZARZARZARZARZARZARZARZARZARZARZARZARUAHUAHUAHUAHUAHUAHUAHUAHUAHUAHUAHUAHUAHUAHUAHUAHUAHUAHUAHUAHUAHUAHUAHUAHUAHUAHUAHUAHUAHUAHUAHPLNPLNPLNPLNPLNPLNPLNPLNPLNPLNPLNPLNPLNPLNPLNPLNPLNPLNPLNPLNPLNPLNPLNPLNPLNPLNPLNPLNPLNPLNPLN,577312838.2681869
2024-12-31,USDT,ARSARSARSARSARSARSARSARSARSARSARSARSARSARSARSARSARSARSARSARSARSARSARSARSARSARSARSARSARSARSARSBRLBRLBRLBRLBRLBRLBRLBRLBRLBRLBRLBRLBRLBRLBRLBRLBRLBRLBRLBRLBRLBRLBRLBRLBRLBRLBRLBRLBRLBRLBRLMXNMXNMXNMXNMXNMXNMXNMXNMXNMXNMXNMXNMXNMXNMXNMXNMXNMXNMXNMXNMXNMXNMXNMXNMXNMXNMXNMXNMXNMXNMXNTRYTRYTRYTRYTRYTRYTRYTRYTRYTRYTRYTRYTRYTRYTRYTRYTRYTRYTRYTRYTRYTRYTRYTRYTRYTRYTRYTRYTRYTRYTRYZARZARZARZARZARZARZARZARZARZARZARZARZARZARZARZARZARZARZARZARZARZARZARZARZARZARZARZARZARZARZARUAHUAHUAHUAHUAHUAHUAHUAHUAHUAHUAHUAHUAHUAHUAHUAHUAHUAHUAHUAHUAHUAHUAHUAHUAHUAHUAHUAHUAHUAHUAHRONRONRONRONRONRONRONRONRONRONRONRONRONRONRONRONRONRONRONRONRONRONRONRONRONRONRONRONRONRONRONPLNPLNPLNPLNPLNPLNPLNPLNPLNPLNPLNPLNPLNPLNPLNPLNPLNPLNPLNPLNPLNPLNPLNPLNPLNPLNPLNPLNPLNPLNPLN,6682728467.854304
2025-01-31,BTC,ARSARSARSARSARSARSARSARSARSARSARSARSARSARSARSARSARSARSARSARSARSARSARSARSARSARSARSARSARSARSARSBRLBRLBRLBRLBRLBRLBRLBRLBRLBRLBRLBRLBRLBRLBRLBRLBRLBRLBRLBRLBRLBRLBRLBRLBRLBRLBRLBRLBRLBRLBRLMXNMXNMXNMXNMXNMXNMXNMXNMXNMXNMXNMXNMXNMXNMXNMXNMXNMXNMXNMXNMXNMXNMXNMXNMXNMXNMXNMXNMXNMXNMXNTRYTRYTRYTRYTRYTRYTRYTRYTRYTRYTRYTRYTRYTRYTRYTRYTRYTRYTRYTRYTRYTRYTRYTRYTRYTRYTRYTRYTRYTRYTRYZARZARZARZARZARZARZARZARZARZARZARZARZARZARZARZARZARZARZARZARZARZARZARZARZARZARZARZARZARZARZARUAHUAHUAHUAHUAHUAHUAHUAHUAHUAHUAHUAHUAHUAHUAHUAHUAHUAHUAHUAHUAHUAHUAHUAHUAHUAHUAHUAHUAHUAHUAHRONRONRONRONRONRONRONRONRONRONRONRONRONRONRONRONRONRONRONRONRONRONRONRONRONRONRONRONRONRONRONPLNPLNPLNPLNPLNPLNPLNPLNPLNPLNPLNPLNPLNPLNPLNPLNPLNPLNPLNPLNPLNPLNPLNPLNPLNPLNPLNPLNPLNPLNPLN,958203159.8048347
2025-01-31,OTHERS,ARSARSARSARSARSARSARSARSARSARSARSARSARSARSARSARSARSARSARSARSARSARSARSARSARSARSARSARSARSARSARSBRLBRLBRLBRLBRLBRLBRLBRLBRLBRLBRLBRLBRLBRLBRLBRLBRLBRLBRLBRLBRLBRLBRLBRLBRLBRLBRLBRLBRLBRLBRLTRYTRYTRYTRYTRYTRYTRYTRYTRYTRYTRYTRYTRYTRYTRYTRYTRYTRYTRYTRYTRYTRYTRYTRYTRYTRYTRYTRYTRYTRYTRYZARZARZARZARZARZARZARZARZARZARZARZARZARZARZARZARZARZARZARZARZARZARZARZARZARZARZARZARZARZARZARUAHUAHUAHUAHUAHUAHUAHUAHUAHUAHUAHUAHUAHUAHUAHUAHUAHUAHUAHUAHUAHUAHUAHUAHUAHUAHUAHUAHUAHUAHUAHPLNPLNPLNPLNPLNPLNPLNPLNPLNPLNPLNPLNPLNPLNPLNPLNPLNPLNPLNPLNPLNPLNPLNPLNPLNPLNPLNPLNPLNPLNPLN,404453417.4713194
2025-01-31,USDT,ARSARSARSARSARSARSARSARSARSARSARSARSARSARSARSARSARSARSARSARSARSARSARSARSARSARSARSARSARSARSARSBRLBRLBRLBRLBRLBRLBRLBRLBRLBRLBRLBRLBRLBRLBRLBRLBRLBRLBRLBRLBRLBRLBRLBRLBRLBRLBRLBRLBRLBRLBRLMXNMXNMXNMXNMXNMXNMXNMXNMXNMXNMXNMXNMXNMXNMXNMXNMXNMXNMXNMXNMXNMXNMXNMXNMXNMXNMXNMXNMXNMXNMXNTRYTRYTRYTRYTRYTRYTRYTRYTRYTRYTRYTRYTRYTRYTRYTRYTRYTRYTRYTRYTRYTRYTRYTRYTRYTRYTRYTRYTRYTRYTRYZARZARZARZARZARZARZARZARZARZARZARZARZARZARZARZARZARZARZARZARZARZARZARZARZARZARZARZARZARZARZARUAHUAHUAHUAHUAHUAHUAHUAHUAHUAHUAHUAHUAHUAHUAHUAHUAHUAHUAHUAHUAHUAHUAHUAHUAHUAHUAHUAHUAHUAHUAHRONRONRONRONRONRONRONRONRONRONRONRONRONRONRONRONRONRONRONRONRONRONRONRONRONRONRONRONRONRONRONPLNPLNPLNPLNPLNPLNPLNPLNPLNPLNPLNPLNPLNPLNPLNPLNPLNPLNPLNPLNPLNPLNPLNPLNPLNPLNPLNPLNPLNPLNPLN,4573070874.717004
2025-02-28,BTC,ARSARSARSARSARSARSARSARSARSARSARSARSARSARSARSARSARSARSARSARSARSARSARSARSARSARSARSARSBRLBRLBRLBRLBRLBRLBRLBRLBRLBRLBRLBRLBRLBRLBRLBRLBRLBRLBRLBRLBRLBRLBRLBRLBRLBRLBRLBRLMXNMXNMXNMXNMXNMXNMXNMXNMXNMXNMXNMXNMXNMXNMXNMXNMXNMXNMXNMXNMXNMXNMXNMXNMXNMXNMXNMXNTRYTRYTRYTRYTRYTRYTRYTRYTRYTRYTRYTRYTRYTRYTRYTRYTRYTRYTRYTRYTRYTRYTRYTRYTRYTRYTRYTRYZARZARZARZARZARZARZARZARZARZARZARZARZARZARZARZARZARZARZARZARZARZARZARZARZARZARZARZARUAHUAHUAHUAHUAHUAHUAHUAHUAHUAHUAHUAHUAHUAHUAHUAHUAHUAHUAHUAHUAHUAHUAHUAHUAHUAHUAHUAHRONRONRONRONRONRONRONRONRONRONRONRONRONRONRONRONRONRONRONRONRONRONRONRONRONRONRONRONPLNPLNPLNPLNPLNPLNPLNPLNPLNPLNPLNPLNPLNPLNPLNPLNPLNPLNPLNPLNPLNPLNPLNPLNPLNPLNPLNPLN,706573331.2887374
2025-02-28,OTHERS,ARSARSARSARSARSARSARSARSARSARSARSARSARSARSARSARSARSARSARSARSARSARSARSARSARSARSARSARSBRLBRLBRLBRLBRLBRLBRLBRLBRLBRLBRLBRLBRLBRLBRLBRLBRLBRLBRLBRLBRLBRLBRLBRLBRLBRLBRLBRLMXNMXNMXNMXNTRYTRYTRYTRYTRYTRYTRYTRYTRYTRYTRYTRYTRYTRYTRYTRYTRYTRYTRYTRYTRYTRYTRYTRYTRYTRYTRYTRYZARZARZARZARZARZARZARZARZARZARZARZARZARZARZARZARZARZARZARZARZARZARZARZARZARZARZARZARUAHUAHUAHUAHUAHUAHUAHUAHUAHUAHUAHUAHUAHUAHUAHUAHUAHUAHUAHUAHUAHUAHUAHUAHUAHUAHUAHUAHPLNPLNPLNPLNPLNPLNPLNPLNPLNPLNPLNPLNPLNPLNPLNPLNPLNPLNPLNPLNPLNPLNPLNPLNPLNPLNPLNPLN,398194027.41181946
2025-02-28,USDT,ARSARSARSARSARSARSARSARSARSARSARSARSARSARSARSARSARSARSARSARSARSARSARSARSARSARSARSARSBRLBRLBRLBRLBRLBRLBRLBRLBRLBRLBRLBRLBRLBRLBRLBRLBRLBRLBRLBRLBRLBRLBRLBRLBRLBRLBRLBRLMXNMXNMXNMXNMXNMXNMXNMXNMXNMXNMXNMXNMXNMXNMXNMXNMXNMXNMXNMXNMXNMXNMXNMXNMXNMXNMXNMXNTRYTRYTRYTRYTRYTRYTRYTRYTRYTRYTRYTRYTRYTRYTRYTRYTRYTRYTRYTRYTRYTRYTRYTRYTRYTRYTRYTRYZARZARZARZARZARZARZARZARZARZARZARZARZARZARZARZARZARZARZARZARZARZARZARZARZARZARZARZARUAHUAHUAHUAHUAHUAHUAHUAHUAHUAHUAHUAHUAHUAHUAHUAHUAHUAHUAHUAHUAHUAHUAHUAHUAHUAHUAHUAHRONRONRONRONRONRONRONRONRONRONRONRONRONRONRONRONRONRONRONRONRONRONRONRONRONRONRONRONPLNPLNPLNPLNPLNPLNPLNPLNPLNPLNPLNPLNPLNPLNPLNPLNPLNPLNPLNPLNPLNPLNPLNPLNPLNPLNPLNPLN,3800930966.9383965
2025-03-31,BTC,ARSARSARSARSARSARSARSARSARSARSARSARSARSARSARSARSARSARSARSARSARSARSARSARSARSARSARSARSARSARSARSBRLBRLBRLBRLBRLBRLBRLBRLBRLBRLBRLBRLBRLBRLBRLBRLBRLBRLBRLBRLBRLBRLBRLBRLBRLBRLBRLBRLBRLBRLBRLMXNMXNMXNMXNMXNMXNMXNMXNMXNMXNMXNMXNMXNMXNMXNMXNMXNMXNMXNMXNMXNMXNMXNMXNMXNMXNMXNMXNMXNMXNMXNTRYTRYTRYTRYTRYTRYTRYTRYTRYTRYTRYTRYTRYTRYTRYTRYTRYTRYTRYTRYTRYTRYTRYTRYTRYTRYTRYTRYTRYTRYTRYZARZARZARZARZARZARZARZARZARZARZARZARZARZARZARZARZARZARZARZARZARZARZARZARZARZARZARZARZARZARZARUAHUAHUAHUAHUAHUAHUAHUAHUAHUAHUAHUAHUAHUAHUAHUAHUAHUAHUAHUAHUAHUAHUAHUAHUAHUAHUAHUAHUAHUAHUAHRONRONRONRONRONRONRONRONRONRONRONRONRONRONRONRONRONRONRONRONRONRONRONRONRONRONRONRONRONRONRONPLNPLNPLNPLNPLNPLNPLNPLNPLNPLNPLNPLNPLNPLNPLNPLNPLNPLNPLNPLNPLNPLNPLNPLNPLNPLNPLNPLNPLNPLNPLN,814590155.184579
2025-03-31,OTHERS,ARSARSARSARSARSARSARSARSARSARSARSARSARSARSARSARSARSARSARSARSARSARSARSARSARSARSARSARSARSARSARSBRLBRLBRLBRLBRLBRLBRLBRLBRLBRLBRLBRLBRLBRLBRLBRLBRLBRLBRLBRLBRLBRLBRLBRLBRLBRLBRLBRLBRLBRLBRLMXNMXNMXNMXNMXNMXNMXNMXNMXNMXNMXNMXNMXNMXNMXNMXNMXNMXNMXNMXNMXNMXNMXNMXNMXNMXNMXNMXNMXNMXNMXNTRYTRYTRYTRYTRYTRYTRYTRYTRYTRYTRYTRYTRYTRYTRYTRYTRYTRYTRYTRYTRYTRYTRYTRYTRYTRYTRYTRYTRYTRYTRYZARZARZARZARZARZARZARZARZARZARZARZARZARZARZARZARZARZARZARZARZARZARZARZARZARZARZARZARZARZARZARPLNPLNPLNPLNPLNPLNPLNPLNPLNPLNPLNPLNPLNPLNPLNPLNPLNPLNPLNPLNPLNPLNPLNPLNPLNPLNPLNPLNPLNPLNPLN,397183789.0165443
2025-03-31,USDT,ARSARSARSARSARSARSARSARSARSARSARSARSARSARSARSARSARSARSARSARSARSARSARSARSARSARSARSARSARSARSARSBRLBRLBRLBRLBRLBRLBRLBRLBRLBRLBRLBRLBRLBRLBRLBRLBRLBRLBRLBRLBRLBRLBRLBRLBRLBRLBRLBRLBRLBRLBRLMXNMXNMXNMXNMXNMXNMXNMXNMXNMXNMXNMXNMXNMXNMXNMXNMXNMXNMXNMXNMXNMXNMXNMXNMXNMXNMXNMXNMXNMXNMXNTRYTRYTRYTRYTRYTRYTRYTRYTRYTRYTRYTRYTRYTRYTRYTRYTRYTRYTRYTRYTRYTRYTRYTRYTRYTRYTRYTRYTRYTRYTRYZARZARZARZARZARZARZARZARZARZARZARZARZARZARZARZARZARZARZARZARZARZARZARZARZARZARZARZARZARZARZARUAHUAHUAHUAHUAHUAHUAHUAHUAHUAHUAHUAHUAHUAHUAHUAHUAHUAHUAHUAHUAHUAHUAHUAHUAHUAHUAHUAHUAHUAHUAHRONRONRONRONRONRONRONRONRONRONRONRONRONRONRONRONRONRONRONRONRONRONRONRONRONRONRONRONRONRONRONPLNPLNPLNPLNPLNPLNPLNPLNPLNPLNPLNPLNPLNPLNPLNPLNPLNPLNPLNPLNPLNPLNPLNPLNPLNPLNPLNPLNPLNPLNPLN,3414399607.421888
2025-04-30,BTC,ARSARSARSARSARSARSARSARSARSARSARSARSARSARSARSARSARSARSARSARSARSARSARSARSARSARSARSARSARSARSBRLBRLBRLBRLBRLBRLBRLBRLBRLBRLBRLBRLBRLBRLBRLBRLBRLBRLBRLBRLBRLBRLBRLBRLBRLBRLBRLBRLBRLBRLMXNMXNMXNMXNMXNMXNMXNMXNMXNMXNMXNMXNMXNMXNMXNMXNMXNMXNMXNMXNMXNMXNMXNMXNMXNMXNMXNMXNMXNMXNTRYTRYTRYTRYTRYTRYTRYTRYTRYTRYTRYTRYTRYTRYTRYTRYTRYTRYTRYTRYTRYTRYTRYTRYTRYTRYTRYTRYTRYTRYZARZARZARZARZARZARZARZARZARZARZARZARZARZARZARZARZARZARZARZARZARZARZARZARZARZARZARZARZARZARUAHUAHUAHUAHUAHUAHUAHUAHUAHUAHUAHUAHUAHUAHUAHUAHUAHUAHUAHUAHUAHUAHUAHUAHUAHUAHUAHUAHUAHUAHRONRONRONRONRONRONRONRONRONRONRONRONRONRONRONRONRONRONRONRONRONRONRONRONRONRONRONRONRONRONPLNPLNPLNPLNPLNPLNPLNPLNPLNPLNPLNPLNPLNPLNPLNPLNPLNPLNPLNPLNPLNPLNPLNPLNPLNPLNPLNPLNPLNPLN,804512095.9316976
2025-04-30,OTHERS,ARSARSARSARSARSARSARSARSARSARSARSARSARSARSARSARSARSARSARSARSARSARSARSARSARSARSARSARSARSARSBRLBRLBRLBRLBRLBRLBRLBRLBRLBRLBRLBRLBRLBRLBRLBRLBRLBRLBRLBRLBRLBRLBRLBRLBRLBRLBRLBRLBRLBRLMXNMXNMXNMXNMXNMXNMXNMXNMXNMXNMXNMXNMXNMXNMXNMXNMXNMXNMXNMXNMXNMXNMXNMXNMXNMXNMXNMXNMXNMXNTRYTRYTRYTRYTRYTRYTRYTRYTRYTRYTRYTRYTRYTRYTRYTRYTRYTRYTRYTRYTRYTRYTRYTRYTRYTRYTRYTRYTRYTRYZARZARZARZARZARZARZARZARZARZARZARZARZARZARZARZARZARZARZARZARZARZARZARZARZARZARZARZARZARZARPLNPLNPLNPLNPLNPLNPLNPLNPLNPLNPLNPLNPLNPLNPLNPLNPLNPLNPLNPLNPLNPLNPLNPLNPLNPLNPLNPLNPLNPLN,475588923.6507554
2025-04-30,USDT,ARSARSARSARSARSARSARSARSARSARSARSARSARSARSARSARSARSARSARSARSARSARSARSARSARSARSARSARSARSARSBRLBRLBRLBRLBRLBRLBRLBRLBRLBRLBRLBRLBRLBRLBRLBRLBRLBRLBRLBRLBRLBRLBRLBRLBRLBRLBRLBRLBRLBRLMXNMXNMXNMXNMXNMXNMXNMXNMXNMXNMXNMXNMXNMXNMXNMXNMXNMXNMXNMXNMXNMXNMXNMXNMXNMXNMXNMXNMXNMXNTRYTRYTRYTRYTRYTRYTRYTRYTRYTRYTRYTRYTRYTRYTRYTRYTRYTRYTRYTRYTRYTRYTRYTRYTRYTRYTRYTRYTRYTRYZARZARZARZARZARZARZARZARZARZARZARZARZARZARZARZARZARZARZARZARZARZARZARZARZARZARZARZARZARZARUAHUAHUAHUAHUAHUAHUAHUAHUAHUAHUAHUAHUAHUAHUAHUAHUAHUAHUAHUAHUAHUAHUAHUAHUAHUAHUAHUAHUAHUAHPLNPLNPLNPLNPLNPLNPLNPLNPLNPLNPLNPLNPLNPLNPLNPLNPLNPLNPLNPLNPLNPLNPLNPLNPLNPLNPLNPLNPLNPLN,2592487989.490881
2025-05-31,BTC,ARSARSARSARSARSARSARSARSARSARSARSARSARSARSARSARSARSARSARSARSARSARSARSARSARSARSARSARSARSARSARSBRLBRLBRLBRLBRLBRLBRLBRLBRLBRLBRLBRLBRLBRLBRLBRLBRLBRLBRLBRLBRLBRLBRLBRLBRLBRLBRLBRLBRLBRLBRLMXNMXNMXNMXNMXNMXNMXNMXNMXNMXNMXNMXNMXNMXNMXNMXNMXNMXNMXNMXNMXNMXNMXNMXNMXNMXNMXNMXNMXNMXNMXNTRYTRYTRYTRYTRYTRYTRYTRYTRYTRYTRYTRYTRYTRYTRYTRYTRYTRYTRYTRYTRYTRYTRYTRYTRYTRYTRYTRYTRYTRYTRYZARZARZARZARZARZARZARZARZARZARZARZARZARZARZARZARZARZARZARZARZARZARZARZARZARZARZARZARZARZARZARUAHUAHUAHUAHUAHUAHUAHUAHUAHUAHUAHUAHUAHUAHUAHUAHUAHUAHUAHUAHUAHUAHUAHUAHUAHUAHUAHUAHUAHUAHUAHRONRONRONRONRONRONRONRONRONRONRONRONRONRONRONRONRONRONRONRONRONRONRONRONRONRONRONRONRONRONRONPLNPLNPLNPLNPLNPLNPLNPLNPLNPLNPLNPLNPLNPLNPLNPLNPLNPLNPLNPLNPLNPLNPLNPLNPLNPLNPLNPLNPLNPLNPLN,812028743.7534539
2025-05-31,OTHERS,ARSARSARSARSARSARSARSARSARSARSARSARSARSARSARSARSARSARSARSARSARSARSARSARSARSARSARSARSARSARSARSBRLBRLBRLBRLBRLBRLBRLBRLBRLBRLBRLBRLBRLBRLBRLBRLBRLBRLBRLBRLBRLBRLBRLBRLBRLBRLBRLBRLBRLBRLBRLMXNMXNMXNMXNMXNMXNMXNMXNMXNMXNMXNMXNMXNMXNMXNMXNMXNMXNMXNMXNMXNMXNMXNMXNMXNMXNMXNMXNMXNMXNMXNTRYTRYTRYTRYTRYTRYTRYTRYTRYTRYTRYTRYTRYTRYTRYTRYTRYTRYTRYTRYTRYTRYTRYTRYTRYTRYTRYTRYTRYTRYTRYZARZARZARZARZARZARZARZARZARZARZARZARZARZARZARZARZARZARZARZARZARZARZARZARZARZARZARZARZARZARZARPLNPLNPLNPLNPLNPLNPLNPLNPLNPLNPLNPLNPLNPLNPLNPLNPLNPLNPLNPLNPLNPLNPLNPLNPLNPLNPLNPLNPLNPLNPLN,705072647.3978558
2025-05-31,USDT,ARSARSARSARSARSARSARSARSARSARSARSARSARSARSARSARSARSARSARSARSARSARSARSARSARSARSARSARSARSARSARSBRLBRLBRLBRLBRLBRLBRLBRLBRLBRLBRLBRLBRLBRLBRLBRLBRLBRLBRLBRLBRLBRLBRLBRLBRLBRLBRLBRLBRLBRLBRLMXNMXNMXNMXNMXNMXNMXNMXNMXNMXNMXNMXNMXNMXNMXNMXNMXNMXNMXNMXNMXNMXNMXNMXNMXNMXNMXNMXNMXNMXNMXNTRYTRYTRYTRYTRYTRYTRYTRYTRYTRYTRYTRYTRYTRYTRYTRYTRYTRYTRYTRYTRYTRYTRYTRYTRYTRYTRYTRYTRYTRYTRYZARZARZARZARZARZARZARZARZARZARZARZARZARZARZARZARZARZARZARZARZARZARZARZARZARZARZARZARZARZARZARUAHUAHUAHUAHUAHUAHUAHUAHUAHUAHUAHUAHUAHUAHUAHUAHUAHUAHUAHUAHUAHUAHUAHUAHUAHUAHUAHUAHUAHUAHUAHPLNPLNPLNPLNPLNPLNPLNPLNPLNPLNPLNPLNPLNPLNPLNPLNPLNPLNPLNPLNPLNPLNPLNPLNPLNPLNPLNPLNPLNPLNPLN,2895524679.106556
2025-06-30,BTC,ARSARSARSARSARSARSARSARSARSARSARSARSARSARSARSARSARSARSARSARSARSARSARSARSARSARSARSARSARSARSBRLBRLBRLBRLBRLBRLBRLBRLBRLBRLBRLBRLBRLBRLBRLBRLBRLBRLBRLBRLBRLBRLBRLBRLBRLBRLBRLBRLBRLBRLMXNMXNMXNMXNMXNMXNMXNMXNMXNMXNMXNMXNMXNMXNMXNMXNMXNMXNMXNMXNMXNMXNMXNMXNMXNMXNMXNMXNMXNMXNTRYTRYTRYTRYTRYTRYTRYTRYTRYTRYTRYTRYTRYTRYTRYTRYTRYTRYTRYTRYTRYTRYTRYTRYTRYTRYTRYTRYTRYTRYZARZARZARZARZARZARZARZARZARZARZARZARZARZARZARZARZARZARZARZARZARZARZARZARZARZARZARZARZARZARUAHUAHUAHUAHUAHUAHUAHUAHUAHUAHUAHUAHUAHUAHUAHUAHUAHUAHUAHUAHUAHUAHUAHUAHUAHUAHUAHUAHUAHUAHRONRONRONRONRONRONRONRONRONRONRONRONRONRONRONRONRONRONRONRONRONRONRONRONRONRONRONRONRONRONPLNPLNPLNPLNPLNPLNPLNPLNPLNPLNPLNPLNPLNPLNPLNPLNPLNPLNPLNPLNPLNPLNPLNPLNPLNPLNPLNPLNPLNPLN,739354852.6699216
2025-06-30,OTHERS,ARSARSARSARSARSARSARSARSARSARSARSARSARSARSARSARSARSARSARSARSARSARSARSARSARSARSARSARSARSARSBRLBRLBRLBRLBRLBRLBRLBRLBRLBRLBRLBRLBRLBRLBRLBRLBRLBRLBRLBRLBRLBRLBRLBRLBRLBRLBRLBRLBRLBRLMXNMXNMXNMXNMXNMXNMXNMXNMXNMXNMXNMXNMXNMXNMXNMXNMXNMXNMXNMXNMXNMXNMXNMXNMXNMXNMXNMXNMXNMXNTRYTRYTRYTRYTRYTRYTRYTRYTRYTRYTRYTRYTRYTRYTRYTRYTRYTRYTRYTRYTRYTRYTRYTRYTRYTRYTRYTRYTRYTRYZARZARZARZARZARZARZARZARZARZARZARZARZARZARZARZARZARZARZARZARZARZARZARZARZARZARZARZARZARZARPLNPLNPLNPLNPLNPLNPLNPLNPLNPLNPLNPLNPLNPLNPLNPLNPLNPLNPLNPLNPLNPLNPLNPLNPLNPLNPLNPLNPLNPLN,550519098.1976268
2025-06-30,USDT,ARSARSARSARSARSARSARSARSARSARSARSARSARSARSARSARSARSARSARSARSARSARSARSARSARSARSARSARSARSARSBRLBRLBRLBRLBRLBRLBRLBRLBRLBRLBRLBRLBRLBRLBRLBRLBRLBRLBRLBRLBRLBRLBRLBRLBRLBRLBRLBRLBRLBRLMXNMXNMXNMXNMXNMXNMXNMXNMXNMXNMXNMXNMXNMXNMXNMXNMXNMXNMXNMXNMXNMXNMXNMXNMXNMXNMXNMXNMXNMXNTRYTRYTRYTRYTRYTRYTRYTRYTRYTRYTRYTRYTRYTRYTRYTRYTRYTRYTRYTRYTRYTRYTRYTRYTRYTRYTRYTRYTRYTRYZARZARZARZARZARZARZARZARZARZARZARZARZARZARZARZARZARZARZARZARZARZARZARZARZARZARZARZARZARZARUAHUAHUAHUAHUAHUAHUAHUAHUAHUAHUAHUAHUAHUAHUAHUAHUAHUAHUAHUAHUAHUAHUAHUAHUAHUAHUAHUAHUAHUAHPLNPLNPLNPLNPLNPLNPLNPLNPLNPLNPLNPLNPLNPLNPLNPLNPLNPLNPLNPLNPLNPLNPLNPLNPLNPLNPLNPLNPLNPLN,2776277875.332576
2025-07-31,BTC,ARSARSARSARSARSARSARSBRLBRLBRLBRLBRLBRLBRLMXNMXNMXNMXNMXNMXNMXNTRYTRYTRYTRYTRYTRYTRYZARZARZARZARZARZARZARUAHUAHUAHUAHUAHUAHUAHRONRONRONRONRONRONRONPLNPLNPLNPLNPLNPLNPLN,118912735.44348745
2025-07-31,OTHERS,ARSARSARSARSARSARSARSBRLBRLBRLBRLBRLBRLBRLMXNMXNMXNMXNMXNMXNMXNTRYTRYTRYTRYTRYTRYTRYZARZARZARZARZARZARZARPLNPLNPLNPLNPLNPLNPLN,95871438.38402766
2025-07-31,USDT,ARSARSARSARSARSARSARSBRLBRLBRLBRLBRLBRLBRLMXNMXNMXNMXNMXNMXNMXNTRYTRYTRYTRYTRYTRYTRYZARZARZARZARZARZARZARUAHUAHUAHUAHUAHUAHUAHPLNPLNPLNPLNPLNPLNPLN,584346746.6014024
